Id,ActivityDate,TotalSteps,TotalDistance,DailyIntensity,activity_duration,intense_activity_duration,idle_duration,Calories
8053475328,2016-04-14,20159,15.9700002670288,560,317,119,1123,3411
8053475328,2016-04-20,15108,12.1899995803833,435,252,89,695,3043
8053475328,2016-04-26,12685,9.61999988555908,399,258,68,1182,2846
8053475328,2016-04-16,14549,11.1099996566772,383,185,96,1255,2867
8053475328,2016-04-18,17076,12.6599998474121,513,303,102,1137,3133
8053475328,2016-04-21,16057,12.5100002288818,482,276,100,1164,3103
8053475328,2016-04-12,18060,14.1199998855591,487,247,116,1193,3186
8053475328,2016-04-15,20669,16.2399997711182,570,298,132,1142,3410
8053475328,2016-05-04,14581,11.1499996185303,406,220,89,1220,2918
8053475328,2016-04-25,20500,15.6899995803833,581,336,118,1104,3403
8053475328,2016-05-05,14990,11.5100002288818,427,232,93,1208,2950
8053475328,2016-05-10,14810,11.3599996566772,423,221,96,1219,2926
8053475328,2016-04-13,16433,13.3500003814697,465,263,95,1177,3140
8053475328,2016-04-23,22359,17.1900005340576,626,362,125,741,3554
8053475328,2016-05-08,22026,17.6499996185303,631,367,125,1073,3589
8053475328,2016-05-07,19769,15.6700000762939,551,289,121,1076,3331
8053475328,2016-04-17,18827,13.6899995803833,570,327,111,1113,3213
8053475328,2016-05-03,15484,11.8999996185303,470,274,87,1166,3023
8053475328,2016-04-24,22988,17.9500007629395,635,344,129,1096,3577
1644430081,2016-04-16,15300,11.1199998855591,449,305,51,1135,3493
1503960366,2016-04-24,10039,6.40999984741211,365,282,39,709,1788
1503960366,2016-04-27,18134,12.210000038147,499,332,78,1108,2159
1503960366,2016-04-25,15355,9.80000019073486,463,303,73,814,2013
1503960366,2016-04-30,14673,9.25,441,303,52,712,1947
1503960366,2016-05-07,11992,7.71000003814697,378,258,37,833,1821
8877689391,2016-05-05,14055,10.6700000762939,419,270,67,1170,3052
4388161847,2016-04-22,12139,9.34000015258789,501,322,77,945,3544
4388161847,2016-05-08,17298,14.3800001144409,575,323,107,576,3934
6775888955,2016-04-20,10771,7.71999979019165,614,361,70,1079,3727
5553957443,2016-04-28,11393,7.63000011444092,338,227,49,727,1999
5553957443,2016-04-26,11886,7.76000022888184,394,296,40,750,2093
5553957443,2016-05-09,11611,7.57999992370605,472,332,59,667,2272
5553957443,2016-04-19,15482,10.1099996566772,512,346,69,756,2284
5553957443,2016-04-21,12346,8.0600004196167,402,266,47,801,2066
5553957443,2016-04-25,10946,7.19000005722046,376,263,51,732,2033
7086361926,2016-04-19,10688,7.28999996185303,463,260,67,671,2944
7086361926,2016-04-28,11584,7.80000019073486,419,263,54,810,2862
7086361926,2016-05-09,13566,9.10999965667725,472,288,67,743,2960
7086361926,2016-04-12,11317,8.40999984741211,342,218,59,745,2772
7086361926,2016-04-20,14365,10.6400003433228,432,245,87,797,2997
7086361926,2016-05-10,14433,10.789999961853,368,201,72,1182,2800
7086361926,2016-04-26,10387,7.07000017166138,408,235,70,726,2781
7086361926,2016-05-06,12461,8.38000011444092,476,273,84,834,2924
7086361926,2016-05-03,10288,6.76000022888184,395,245,57,761,2754
7086361926,2016-05-11,9572,6.51999998092651,379,225,57,757,2735
7086361926,2016-04-25,10091,6.82000017166138,414,237,69,706,2752
2873212765,2016-04-16,9685,6.65000009536743,448,353,47,1087,2148
2873212765,2016-05-07,4940,3.38000011444092,299,138,75,1302,1897
5577150313,2016-05-09,3421,2.55999994277954,194,115,34,1099,2489
5577150313,2016-04-12,8135,6.07999992370605,430,242,86,728,3405
5577150313,2016-04-20,8330,6.21999979019165,406,216,87,773,3192
5577150313,2016-04-27,6805,5.1399998664856,411,269,63,773,3294
5577150313,2016-05-02,7439,5.55999994277954,386,292,37,732,3014
5577150313,2016-04-19,12574,9.42000007629395,481,242,108,733,3501
5577150313,2016-04-14,8596,6.42000007629395,590,324,118,662,4022
5577150313,2016-04-22,9172,6.84999990463257,446,292,62,823,3329
5577150313,2016-04-18,9893,7.3899998664856,536,276,114,623,3625
5577150313,2016-04-28,9841,7.42999982833862,540,291,99,692,3580
4445114986,2016-05-11,9105,6.1100001335144,378,288,34,622,2499
4020332650,2016-04-16,1982,1.41999995708466,292,141,65,1222,3051
8378563200,2016-05-02,6064,4.80999994277954,339,209,63,802,3491
8378563200,2016-05-06,7045,5.59000015258789,398,245,74,831,3644
8378563200,2016-04-20,9388,7.44000005722046,431,259,82,763,3787
8378563200,2016-04-18,13630,10.8100004196167,545,301,117,720,4157
8378563200,2016-05-01,11419,9.0600004196167,360,208,71,669,3369
8378563200,2016-05-11,9143,7.25,420,266,72,763,3788
8378563200,2016-04-22,12200,9.67000007629395,522,284,113,769,4044
8378563200,2016-05-09,8382,6.65000009536743,410,255,71,772,3721
8378563200,2016-05-10,6582,5.21999979019165,367,228,63,840,3586
8378563200,2016-04-13,12386,9.81999969482422,545,299,116,680,4079
8378563200,2016-04-12,7626,6.05000019073486,381,236,65,723,3635
8378563200,2016-04-21,15148,12.0100002288818,588,298,137,677,4236
8378563200,2016-04-25,12405,9.84000015258789,524,274,117,692,4005
8378563200,2016-04-25,12405,9.84000015258789,524,274,117,692,4005
8378563200,2016-04-19,13070,10.3599996566772,552,293,120,737,4092
8378563200,2016-05-03,8712,6.90999984741211,448,286,71,822,3784
8378563200,2016-04-14,13318,10.5600004196167,585,318,123,699,4163
8378563200,2016-04-16,11207,8.89000034332275,376,227,64,563,3363
8583815059,2016-04-27,12474,9.72999954223633,370,211,77,1229,3142
7007744171,2016-04-22,15299,10.2399997711182,553,375,64,1065,2889
7007744171,2016-04-14,11179,8.23999977111816,418,344,34,1096,2668
7007744171,2016-05-02,13041,9.18000030517578,470,328,64,1112,2642
7007744171,2016-04-13,12862,9.64999961853027,473,339,56,1101,2742
7007744171,2016-04-25,18229,13.3400001525879,580,454,51,986,3055
2022484408,2016-04-13,12024,8.5,431,340,43,1100,2601
2022484408,2016-04-22,12954,9.32999992370605,449,335,52,1105,2638
2022484408,2016-04-24,13481,10.2799997329712,379,279,37,1161,2529
2022484408,2016-05-10,12798,8.97999954223633,498,356,57,1084,2797
2022484408,2016-04-21,12453,8.73999977111816,673,412,104,1028,3158
2022484408,2016-05-03,12183,8.73999977111816,494,336,72,1104,2752
6962181067,2016-05-09,12342,8.72000026702881,402,295,43,607,2105
6962181067,2016-05-10,15448,10.210000038147,529,371,62,626,2361
3977333714,2016-04-30,13238,9.19999980926514,427,289,43,687,1650
3977333714,2016-05-03,14335,9.59000015258789,481,346,47,594,1710
8253242879,2016-04-12,9033,7.15999984741211,278,196,40,1244,2044
8253242879,2016-04-21,11268,8.5600004196167,359,241,49,1199,2218
4057192912,2016-04-12,5394,4.03000020980835,164,164,0,1276,2286
4057192912,2016-04-13,5974,4.46999979019165,160,160,0,1280,2306
8053475328,2016-05-01,1170,0.850000023841858,51,51,0,1389,1886
8053475328,2016-05-02,1969,1.42999994754791,95,95,0,1345,1988
1644430081,2016-04-20,2436,1.76999998092651,125,125,0,1315,2430
1644430081,2016-04-21,1223,0.889999985694885,38,38,0,1402,2140
1644430081,2016-04-22,3673,2.67000007629395,86,86,0,1354,2344
1644430081,2016-04-24,3321,2.41000008583069,89,89,0,1351,2413
1644430081,2016-04-27,3032,2.20000004768372,118,118,0,1322,2489
1644430081,2016-04-29,3176,2.30999994277954,120,120,0,1193,2498
1644430081,2016-05-04,2309,1.67999994754791,52,52,0,1388,2222
1644430081,2016-05-08,6724,4.8899998664856,295,295,0,991,2987
1644430081,2016-05-11,1329,0.970000028610229,40,49,0,713,1276
1644430081,2016-04-23,6637,4.82999992370605,190,175,0,1265,2677
4558609924,2016-04-12,5135,3.39000010490417,318,318,0,1122,1909
4558609924,2016-04-14,6799,4.48999977111816,279,279,0,1161,1922
4558609924,2016-04-20,4803,3.17000007629395,222,222,0,1218,1788
4558609924,2016-04-24,8563,5.65999984741211,395,395,0,1045,2173
4558609924,2016-05-01,3428,2.26999998092651,190,190,0,1121,1692
4558609924,2016-05-02,7891,5.21999979019165,383,383,0,1057,2066
4558609924,2016-05-04,5232,3.46000003814697,252,252,0,1188,1842
4558609924,2016-05-06,3755,2.48000001907349,202,202,0,1238,1722
4558609924,2016-05-12,6307,4.17000007629395,232,247,0,736,1452
4319703577,2016-04-15,5664,3.79999995231628,228,228,0,752,1985
4319703577,2016-04-16,4744,3.1800000667572,194,194,0,724,1884
4319703577,2016-04-19,8925,5.98999977111816,311,311,0,604,2200
4319703577,2016-04-21,3702,2.48000001907349,34,34,0,1265,1792
4319703577,2016-04-23,4935,3.30999994277954,233,233,0,546,1945
4319703577,2016-05-01,1251,0.839999973773956,67,67,0,836,1593
4319703577,2016-05-08,3672,2.46000003814697,153,153,0,603,1792
4319703577,2016-04-25,9259,6.21000003814697,406,398,0,544,2314
4319703577,2016-05-02,9261,6.23999977111816,366,355,0,585,2270
4319703577,2016-04-20,8954,6.01000022888184,342,324,0,671,2220
2320127002,2016-04-16,5057,3.41000008583069,195,195,0,1245,1724
2320127002,2016-04-17,6198,4.17999982833862,249,249,0,1191,1852
2320127002,2016-04-22,5583,3.75999999046326,266,266,0,1174,1851
2320127002,2016-04-23,5079,3.42000007629395,242,242,0,1129,1804
2320127002,2016-04-24,4165,2.80999994277954,204,204,0,1236,1725
2320127002,2016-04-26,3409,2.29999995231628,147,147,0,1293,1632
2320127002,2016-04-27,1715,1.1599999666214,82,82,0,1358,1481
2320127002,2016-04-28,1532,1.02999997138977,76,76,0,1364,1473
2320127002,2016-04-29,924,0.620000004768372,45,45,0,1395,1410
2320127002,2016-04-30,4571,3.07999992370605,234,234,0,1206,1779
2320127002,2016-05-01,772,0.519999980926514,40,40,0,1400,1403
2320127002,2016-05-04,1201,0.810000002384186,52,52,0,1388,1426
2320127002,2016-05-06,4878,3.28999996185303,204,204,0,1236,1742
2320127002,2016-05-07,7379,4.96999979019165,319,319,0,1121,1972
2320127002,2016-05-08,5161,3.48000001907349,247,247,0,1193,1821
2320127002,2016-05-09,3090,2.07999992370605,145,145,0,1295,1630
2320127002,2016-05-10,6227,4.19999980926514,290,290,0,1150,1899
2320127002,2016-04-18,6559,4.42000007629395,274,267,0,1173,1905
2320127002,2016-04-19,5997,4.03999996185303,250,239,0,1201,1811
2320127002,2016-04-20,7192,4.84999990463257,305,294,0,1146,1922
2320127002,2016-04-15,5205,3.50999999046326,245,245,0,1195,1801
2320127002,2016-05-05,5202,3.50999999046326,245,234,0,1206,1780
2320127002,2016-05-12,2661,1.78999996185303,124,128,0,830,1125
2320127002,2016-05-11,6424,4.32999992370605,300,300,0,1140,1903
2320127002,2016-04-14,3973,2.6800000667572,191,191,0,1249,1696
2320127002,2016-04-13,7275,4.90000009536743,335,335,0,1105,2003
8877689391,2016-05-02,4790,3.64000010490417,105,105,0,1335,2189
2347167796,2016-04-24,9471,6.26000022888184,360,360,0,584,2187
2347167796,2016-04-26,5980,3.95000004768372,227,227,0,732,1861
2347167796,2016-04-28,5439,3.59999990463257,229,229,0,764,1854
2347167796,2016-04-19,6711,4.44000005722046,396,389,0,648,2346
4388161847,2016-04-15,8758,6.73000001907349,299,299,0,837,3066
4388161847,2016-04-17,4660,3.57999992370605,201,201,0,721,2572
4388161847,2016-05-12,3369,2.58999991416931,101,108,0,825,1623
6775888955,2016-04-15,1282,0.920000016689301,58,58,0,976,2127
5553957443,2016-04-13,4832,3.16000008583069,226,226,0,647,1718
5553957443,2016-04-16,5771,3.76999998092651,288,288,0,521,1831
5553957443,2016-04-18,3727,2.4300000667572,206,206,0,622,1683
5553957443,2016-04-20,2713,1.76999998092651,148,148,0,598,1570
5553957443,2016-04-23,4112,2.69000005722046,272,272,0,443,1776
5553957443,2016-04-24,1807,1.17999994754791,104,104,0,582,1507
5553957443,2016-04-30,1202,0.779999971389771,84,84,0,506,1463
5553957443,2016-05-01,5164,3.36999988555908,237,237,0,436,1747
5553957443,2016-05-04,4249,2.76999998092651,224,224,0,651,1698
5553957443,2016-05-07,1868,1.22000002861023,96,96,0,902,1494
5553957443,2016-05-11,4926,3.22000002861023,195,195,0,628,1693
3372868164,2016-04-12,4747,3.24000000953674,280,280,0,1160,1788
3372868164,2016-04-15,7451,5.07999992370605,335,335,0,1105,1908
3372868164,2016-04-16,6905,4.73000001907349,356,356,0,1084,1908
3372868164,2016-04-19,7711,5.26000022888184,376,376,0,1064,1985
3372868164,2016-04-22,3843,2.61999988555908,206,206,0,1234,1669
3372868164,2016-04-25,5995,4.09000015258789,416,416,0,1024,2010
3372868164,2016-04-28,5512,3.75999999046326,385,385,0,1055,1972
3372868164,2016-04-29,9135,6.23000001907349,402,402,0,1038,2044
3372868164,2016-05-01,3077,2.09999990463257,160,172,0,842,1237
7086361926,2016-04-23,2817,1.80999994277954,90,90,0,1350,1965
7086361926,2016-04-24,3520,2.16000008583069,125,125,0,566,2049
2873212765,2016-04-14,7910,5.32000017166138,331,331,0,1109,1893
2873212765,2016-04-15,8482,5.69999980926514,448,448,0,992,2063
2873212765,2016-04-19,7948,5.36999988555908,389,389,0,1051,1956
2873212765,2016-05-04,8278,5.55999994277954,420,420,0,1020,2015
2873212765,2016-05-09,7726,5.19000005722046,345,345,0,1095,1906
2873212765,2016-05-10,8275,5.55999994277954,373,373,0,1067,1962
2873212765,2016-05-12,7566,5.1100001335144,259,268,0,720,1431
2873212765,2016-05-06,7063,4.75,380,375,0,1065,1910
2873212765,2016-05-02,7525,5.05999994277954,348,341,0,1099,1878
2873212765,2016-04-13,7618,5.11999988555908,420,412,0,1028,2004
2873212765,2016-04-17,2524,1.70000004768372,176,168,0,1272,1529
2873212765,2016-04-25,7373,4.94999980926514,359,359,0,1081,1907
2873212765,2016-05-11,6440,4.32999992370605,319,319,0,1121,1826
6290855005,2016-04-12,4562,3.45000004768372,199,199,0,1241,2560
6290855005,2016-04-13,7142,5.40000009536743,350,350,0,1090,2905
6290855005,2016-04-14,7671,5.80000019073486,363,363,0,1077,2952
6290855005,2016-04-15,9501,7.17999982833862,328,328,0,1112,2896
6290855005,2016-04-16,8301,6.28000020980835,258,258,0,1182,2783
6290855005,2016-04-18,6885,5.21000003814697,271,271,0,1169,2766
6290855005,2016-04-19,7142,5.40000009536743,321,321,0,1119,2839
6290855005,2016-04-20,6361,4.80999994277954,258,258,0,1182,2701
6290855005,2016-04-22,6238,4.71999979019165,302,302,0,1138,2796
6290855005,2016-04-24,5896,4.46000003814697,258,258,0,1182,2703
6290855005,2016-04-27,5565,4.21000003814697,287,287,0,1153,2743
6290855005,2016-04-30,6744,5.09999990463257,324,324,0,1116,2843
6290855005,2016-05-02,6781,5.13000011444092,268,268,0,1172,2725
6290855005,2016-05-03,6047,4.57000017166138,240,240,0,1200,2671
6290855005,2016-05-04,5832,4.40999984741211,272,272,0,1168,2718
6290855005,2016-05-05,6339,4.78999996185303,239,239,0,1201,2682
6290855005,2016-05-06,6116,4.61999988555908,305,305,0,1135,2806
6290855005,2016-05-07,5510,4.17000007629395,227,227,0,1213,2613
6290855005,2016-05-08,7706,5.82999992370605,251,251,0,1189,2712
6290855005,2016-05-09,6277,4.75,257,264,0,800,2175
6290855005,2016-04-28,5731,4.32999992370605,255,255,0,1185,2687
4445114986,2016-04-12,3276,2.20000004768372,196,196,0,787,2113
4445114986,2016-04-13,2961,1.99000000953674,194,194,0,840,2095
4445114986,2016-04-14,3974,2.67000007629395,231,231,0,717,2194
4445114986,2016-04-15,7198,4.82999992370605,350,350,0,711,2496
4445114986,2016-04-16,3945,2.65000009536743,225,225,0,716,2180
4445114986,2016-04-17,2268,1.51999998092651,114,114,0,1219,1933
4445114986,2016-04-19,2064,1.38999998569489,121,121,0,895,1954
4445114986,2016-04-20,2072,1.38999998569489,137,137,0,841,1974
4445114986,2016-04-21,3809,2.55999994277954,215,215,0,756,2150
4445114986,2016-04-22,6831,4.57999992370605,317,317,0,706,2432
4445114986,2016-04-23,4363,2.9300000667572,201,201,0,1239,2149
4445114986,2016-04-24,5002,3.35999989509583,244,244,0,1196,2247
4445114986,2016-04-25,3385,2.26999998092651,179,179,0,916,2070
4445114986,2016-04-28,4493,3.00999999046326,236,236,0,762,2203
4445114986,2016-04-29,4676,3.14000010490417,226,226,0,1106,2196
4445114986,2016-04-30,6222,4.17999982833862,290,290,0,797,2363
4445114986,2016-05-04,2923,1.96000003814697,180,180,0,897,2070
4445114986,2016-05-06,4514,3.02999997138977,229,229,0,809,2211
4445114986,2016-05-09,5275,3.53999996185303,266,266,0,641,2281
4445114986,2016-05-10,3915,2.63000011444092,231,231,0,783,2181
4445114986,2016-05-12,768,0.519999980926514,51,58,0,380,1212
4445114986,2016-05-01,5232,3.50999999046326,240,240,0,741,2246
4445114986,2016-05-08,7303,4.90000009536743,324,316,0,733,2423
4020332650,2016-05-03,4496,3.22000002861023,174,174,0,950,2828
4020332650,2016-05-06,4369,3.13000011444092,177,177,0,855,2704
4020332650,2016-05-07,6132,4.40000009536743,184,184,0,1256,2975
4020332650,2016-05-08,5862,4.19999980926514,263,263,0,775,3089
4020332650,2016-05-10,5546,3.98000001907349,206,206,0,774,2926
6117666160,2016-04-17,7150,5.40000009536743,312,312,0,702,2225
6117666160,2016-04-19,11135,8.40999984741211,480,480,0,425,2606
6117666160,2016-04-22,8206,6.19999980926514,402,402,0,413,2409
6117666160,2016-04-23,11495,8.68000030517578,512,512,0,468,2651
6117666160,2016-04-24,7623,5.76000022888184,362,362,0,711,2305
6117666160,2016-04-27,9411,7.1100001335144,458,458,0,417,2576
6117666160,2016-04-29,9592,7.23999977111816,461,461,0,479,2560
6117666160,2016-04-30,6987,5.28000020980835,343,343,0,1040,2275
6117666160,2016-05-01,8915,6.73000001907349,397,397,0,525,2361
6117666160,2016-05-02,4933,3.73000001907349,235,236,0,1204,2044
6117666160,2016-05-04,2997,2.25999999046326,156,156,0,1279,1902
6117666160,2016-05-05,9799,7.40000009536743,487,487,0,479,2636
6117666160,2016-05-07,7336,5.53999996185303,412,412,0,456,2469
6117666160,2016-05-08,7328,5.53000020980835,318,318,0,517,2250
6117666160,2016-05-09,4477,3.38000011444092,155,197,0,125,1248
6117666160,2016-04-15,14019,10.5900001525879,525,519,0,921,2865
6117666160,2016-04-26,9543,7.21000003814697,366,359,0,1077,2450
6117666160,2016-04-18,5153,3.91000008583069,241,241,0,759,2018
6117666160,2016-04-28,3403,2.59999990463257,141,141,0,758,1879
6117666160,2016-05-06,3365,2.6800000667572,133,133,0,673,1838
8378563200,2016-04-17,2132,1.69000005722046,93,93,0,599,2572
8378563200,2016-04-24,3703,2.94000005722046,135,135,0,734,2741
8378563200,2016-04-30,2946,2.33999991416931,121,121,0,780,2660
8378563200,2016-05-07,4468,3.53999996185303,158,158,0,851,2799
8378563200,2016-05-08,2943,2.32999992370605,139,139,0,621,2685
8583815059,2016-04-14,3135,2.45000004768372,134,134,0,1306,2443
8583815059,2016-05-05,12427,9.6899995803833,70,70,0,1370,3266
8583815059,2016-05-07,6117,4.76999998092651,250,250,0,1190,2810
8583815059,2016-04-20,5273,4.1100001335144,221,194,0,1246,2647
8583815059,2016-04-28,6174,4.82000017166138,259,231,0,1209,2757
8583815059,2016-04-12,5014,3.91000008583069,210,203,0,1237,2650
8583815059,2016-04-15,3430,2.6800000667572,65,65,0,1375,2505
2026352035,2016-04-13,4993,3.09999990463257,238,238,0,663,1521
2026352035,2016-04-14,3335,2.0699999332428,197,197,0,653,1431
2026352035,2016-04-15,3821,2.36999988555908,188,188,0,687,1444
2026352035,2016-04-16,2547,1.58000004291534,150,150,0,728,1373
2026352035,2016-04-17,838,0.519999980926514,60,60,0,1053,1214
2026352035,2016-04-18,3325,2.05999994277954,182,182,0,1062,1419
2026352035,2016-04-19,2424,1.5,141,141,0,785,1356
2026352035,2016-04-20,7222,4.48000001907349,327,327,0,623,1667
2026352035,2016-04-21,2467,1.52999997138977,153,153,0,749,1370
2026352035,2016-04-22,2915,1.80999994277954,162,162,0,712,1399
2026352035,2016-04-23,12357,7.71000003814697,432,432,0,458,1916
2026352035,2016-04-24,3490,2.16000008583069,164,164,0,704,1401
2026352035,2016-04-25,6017,3.73000001907349,260,260,0,821,1576
2026352035,2016-04-26,5933,3.6800000667572,288,288,0,1018,1595
2026352035,2016-04-27,6088,3.76999998092651,286,286,0,586,1593
2026352035,2016-04-28,6375,3.95000004768372,331,331,0,626,1649
2026352035,2016-04-29,7604,4.71000003814697,352,352,0,492,1692
2026352035,2016-04-30,4729,2.9300000667572,233,233,0,594,1506
2026352035,2016-05-01,3609,2.27999997138977,191,191,0,716,1447
2026352035,2016-05-02,7018,4.34999990463257,355,355,0,716,1690
2026352035,2016-05-03,5992,3.72000002861023,304,304,0,981,1604
2026352035,2016-05-04,6564,4.07000017166138,345,345,0,530,1658
2026352035,2016-05-05,12167,7.53999996185303,475,475,0,479,1926
2026352035,2016-05-06,8198,5.07999992370605,383,383,0,511,1736
2026352035,2016-05-08,5528,3.45000004768372,258,258,0,610,1555
2026352035,2016-05-09,10685,6.61999988555908,401,401,0,543,1869
2026352035,2016-05-11,8580,5.32000017166138,330,330,0,569,1698
2026352035,2016-05-12,8891,5.51000022888184,320,343,0,330,1364
2026352035,2016-05-07,4193,2.59999990463257,229,229,0,665,1491
7007744171,2016-04-15,5273,3.52999997138977,202,202,0,1238,2098
7007744171,2016-04-16,4631,3.09999990463257,203,203,0,1155,2076
7007744171,2016-04-17,8059,5.3899998664856,305,305,0,1135,2383
7007744171,2016-04-24,11085,7.42000007629395,419,419,0,1021,2667
7007744171,2016-04-30,3761,2.51999998092651,200,200,0,1240,2051
7007744171,2016-05-01,5600,3.75,237,237,0,1142,2225
1927972279,2016-04-15,980,0.680000007152557,51,51,0,941,2221
1927972279,2016-04-23,2945,2.03999996185303,145,145,0,1295,2499
1927972279,2016-04-28,1675,1.1599999666214,95,95,0,1167,2351
1927972279,2016-05-04,1786,1.24000000953674,87,87,0,1353,2338
1927972279,2016-05-06,2091,1.45000004768372,108,108,0,1332,2383
1927972279,2016-05-07,1510,1.03999996185303,48,48,0,1392,2229
1927972279,2016-04-14,2163,1.5,106,97,0,1292,2383
1927972279,2016-04-26,3761,2.59999990463257,192,192,0,1058,2638
2022484408,2016-04-23,6001,4.21000003814697,249,249,0,1191,2069
2022484408,2016-05-08,3292,2.30999994277954,135,135,0,1305,1848
8792009665,2016-04-12,2564,1.63999998569489,116,116,0,831,2044
8792009665,2016-04-13,1320,0.839999973773956,82,82,0,806,1934
8792009665,2016-04-14,1219,0.779999971389771,84,84,0,853,1963
8792009665,2016-04-15,2483,1.5900000333786,126,126,0,937,2009
8792009665,2016-04-26,1321,0.850000023841858,80,80,0,1360,1928
8792009665,2016-04-27,1758,1.12999999523163,112,112,0,900,2067
8792009665,2016-04-28,6157,3.94000005722046,310,310,0,714,2780
8792009665,2016-05-01,1619,1.03999996185303,79,79,0,834,1962
8792009665,2016-05-02,1831,1.16999995708466,101,101,0,916,2015
8792009665,2016-05-03,2421,1.54999995231628,156,156,0,739,2297
8792009665,2016-05-04,2283,1.46000003814697,129,129,0,848,2067
8792009665,2016-04-20,3147,2.00999999046326,159,149,0,744,2188
6962181067,2016-04-14,1551,1.02999997138977,86,86,0,862,1466
6962181067,2016-04-15,5563,3.6800000667572,217,217,0,837,1756
6962181067,2016-04-24,5029,3.3199999332428,199,199,0,720,1705
6962181067,2016-05-01,5454,3.60999989509583,215,215,0,722,1740
6962181067,2016-05-07,6815,4.5,328,328,0,745,1947
6962181067,2016-05-12,3587,2.36999988555908,121,113,0,127,928
6962181067,2016-05-08,4188,2.76999998092651,179,165,0,709,1659
6962181067,2016-05-06,5908,3.91000008583069,299,299,0,717,1850
3977333714,2016-04-23,12058,8.06999969482422,436,344,0,724,1638
3977333714,2016-05-07,11550,7.73000001907349,380,294,0,703,1574
3977333714,2016-04-21,6093,4.07999992370605,242,242,0,712,1397
3977333714,2016-04-27,7193,5.03999996185303,196,186,0,714,1377
4702921684,2016-04-12,7213,5.88000011444092,263,263,0,718,2947
4702921684,2016-04-13,6877,5.57999992370605,258,258,0,777,2898
4702921684,2016-04-14,7860,6.36999988555908,271,271,0,772,2984
4702921684,2016-04-22,1664,1.35000002384186,72,72,0,1341,2241
4702921684,2016-05-03,9454,7.67000007629395,313,313,0,729,3145
4702921684,2016-05-12,2752,2.23000001907349,68,68,0,241,1240
4702921684,2016-05-09,8232,6.67999982833862,277,265,0,746,2990
1844505072,2016-04-12,6697,4.42999982833862,339,339,0,1101,2030
1844505072,2016-04-13,4929,3.25999999046326,248,248,0,1192,1860
1844505072,2016-04-14,7937,5.25,373,373,0,843,2130
1844505072,2016-04-15,3844,2.53999996185303,176,176,0,527,1725
1844505072,2016-04-16,3414,2.25999999046326,147,147,0,1293,1657
1844505072,2016-04-22,5372,3.54999995231628,220,220,0,1220,1827
1844505072,2016-04-23,3570,2.35999989509583,139,139,0,1301,1645
1844505072,2016-04-28,6907,4.57000017166138,302,302,0,1138,1992
1844505072,2016-04-29,4920,3.25,247,247,0,1082,1856
1844505072,2016-04-30,4014,2.67000007629395,184,184,0,218,1763
1844505072,2016-05-04,2080,1.37000000476837,87,87,0,1353,1549
1844505072,2016-05-05,2237,1.48000001907349,120,120,0,1320,1589
1844505072,2016-05-01,2573,1.70000004768372,89,82,0,585,1541
1844505072,2016-04-18,4597,3.03999996185303,241,229,0,1211,1814
1844505072,2016-05-03,4059,2.6800000667572,184,184,0,1256,1742
1624580081,2016-04-12,8163,5.30999994277954,146,146,0,1294,1432
1624580081,2016-04-13,7007,4.55000019073486,148,148,0,1292,1411
1624580081,2016-04-14,9107,5.92000007629395,236,236,0,1204,1572
1624580081,2016-04-15,1510,0.980000019073486,96,96,0,1344,1344
1624580081,2016-04-16,5370,3.49000000953674,176,176,0,1264,1463
1624580081,2016-04-19,2916,1.89999997615814,141,141,0,1299,1435
1624580081,2016-04-20,4974,3.23000001907349,151,151,0,1289,1446
1624580081,2016-04-21,6349,4.13000011444092,186,186,0,1254,1467
1624580081,2016-04-22,4026,2.61999988555908,199,199,0,1241,1470
1624580081,2016-04-23,8538,5.55000019073486,227,227,0,1213,1562
1624580081,2016-04-25,6497,4.21999979019165,202,202,0,1238,1492
1624580081,2016-04-26,2826,1.8400000333786,140,140,0,1300,1402
1624580081,2016-04-29,2390,1.54999995231628,150,150,0,1290,1404
1624580081,2016-05-03,2100,1.37000000476837,96,96,0,1344,1334
1624580081,2016-05-04,2193,1.42999994754791,118,118,0,1322,1368
1624580081,2016-05-05,2470,1.61000001430511,117,117,0,1323,1370
1624580081,2016-05-06,1727,1.12000000476837,102,102,0,1338,1341
1624580081,2016-05-07,2104,1.37000000476837,182,182,0,1258,1474
1624580081,2016-05-08,3427,2.23000001907349,152,152,0,1288,1427
1624580081,2016-05-09,1732,1.12999999523163,91,91,0,1349,1328
1624580081,2016-05-10,2969,1.92999994754791,139,139,0,1301,1393
1624580081,2016-05-11,3134,2.03999996185303,112,112,0,1328,1359
1624580081,2016-05-12,2971,1.92999994754791,99,107,0,890,1002
1624580081,2016-04-28,2759,1.78999996185303,125,120,0,1320,1401
8253242879,2016-04-15,2672,1.76999998092651,105,105,0,1335,1632
8253242879,2016-04-19,4212,2.77999997138977,164,164,0,1276,1763
8253242879,2016-04-22,2824,1.87000000476837,120,120,0,1320,1651
1644430081,2016-05-02,3758,2.73000001907349,142,156,1,682,2580
4558609924,2016-04-19,5401,3.5699999332428,269,258,1,1182,1876
4558609924,2016-04-28,9451,6.25,392,379,1,985,2185
4319703577,2016-04-24,4081,2.74000000953674,204,197,1,692,1880
4319703577,2016-04-14,10210,6.88000011444092,360,349,1,589,2302
4319703577,2016-04-18,2276,1.54999995231628,79,68,1,824,1632
4319703577,2016-04-22,4500,3.01999998092651,217,196,1,709,1886
2320127002,2016-04-21,3404,2.28999996185303,150,138,1,1302,1610
2347167796,2016-04-14,10129,6.69999980926514,305,255,1,705,2010
2347167796,2016-04-17,5472,3.61999988555908,266,257,1,508,1882
2347167796,2016-04-15,10465,6.92000007629395,335,309,1,720,2133
4388161847,2016-04-13,10993,8.44999980926514,181,165,1,1275,3092
2873212765,2016-04-18,7762,5.23999977111816,326,318,1,1122,1890
2873212765,2016-05-03,7412,4.98000001907349,378,370,1,1070,1906
8583815059,2016-04-26,10499,8.1899995803833,399,306,1,1134,3093
1927972279,2016-04-24,2090,1.45000004768372,90,82,1,1358,2324
8792009665,2016-04-22,4068,2.59999990463257,238,216,1,817,2419
3977333714,2016-05-10,13072,8.77999973297119,429,312,1,676,1630
4702921684,2016-05-10,10613,8.60999965667725,339,300,1,701,3172
4702921684,2016-04-15,6506,5.28000020980835,275,265,1,944,2896
4702921684,2016-04-27,7047,5.71999979019165,273,255,1,733,2908
4702921684,2016-05-06,6943,5.63000011444092,242,224,1,682,2859
4702921684,2016-04-26,6108,4.94999980926514,235,225,1,765,2784
1644430081,2016-04-12,10694,7.76999998092651,364,309,2,1131,3199
4319703577,2016-05-09,10378,6.96000003814697,408,390,2,490,2345
6775888955,2016-05-07,1967,1.4099999666214,61,56,2,551,1032
2873212765,2016-04-26,8242,5.53999996185303,325,316,2,1124,1882
2873212765,2016-04-21,8859,5.98000001907349,397,383,2,1057,1970
2873212765,2016-04-12,8796,5.90999984741211,404,379,2,1061,1982
4445114986,2016-05-05,3800,2.54999995231628,203,193,2,734,2120
4020332650,2016-05-11,3689,2.65000009536743,156,144,2,1296,2645
8583815059,2016-04-24,8286,6.46000003814697,300,252,2,1188,2889
8583815059,2016-05-06,5843,4.55999994277954,216,190,2,1250,2683
8583815059,2016-04-13,5571,4.34999990463257,215,188,2,1252,2654
8583815059,2016-04-30,10085,7.86999988555908,379,347,2,1093,3164
7007744171,2016-04-23,8093,5.40999984741211,279,250,2,1190,2284
3977333714,2016-04-20,11658,7.82999992370605,366,264,2,845,1554
4702921684,2016-04-20,8793,7.13000011444092,324,291,2,717,3061
1844505072,2016-04-17,4525,2.99000000953674,221,209,2,1231,1793
1844505072,2016-04-21,8054,5.32000017166138,340,323,2,1117,2062
4057192912,2016-04-15,3984,2.95000004768372,107,97,3,873,1527
1644430081,2016-04-28,9405,6.84000015258789,342,283,3,1157,3108
1644430081,2016-04-15,5263,3.82999992370605,187,177,3,1263,2750
1644430081,2016-05-01,6132,4.46000003814697,203,173,3,908,2696
4319703577,2016-05-10,9487,6.36999988555908,362,344,3,555,2260
4319703577,2016-05-11,9129,6.13000011444092,356,332,3,574,2232
4319703577,2016-05-07,7937,5.32999992370605,344,310,3,586,2158
2320127002,2016-04-25,3588,2.42000007629395,171,160,3,1280,1654
6775888955,2016-04-30,2503,1.78999996185303,111,96,3,1344,2280
5553957443,2016-05-08,6083,4.0,235,221,3,505,1762
4020332650,2016-05-09,4556,3.26999998092651,192,181,3,1225,2785
8378563200,2016-04-29,6175,4.90000009536743,195,182,3,767,2982
8583815059,2016-05-08,9217,7.19000005722046,335,257,3,1183,2940
2026352035,2016-04-12,4414,2.74000000953674,206,192,3,706,1459
4702921684,2016-04-16,11140,9.02999973297119,392,362,3,556,3328
4558609924,2016-05-11,9108,6.01999998092651,398,359,4,1081,2131
4020332650,2016-04-12,8539,6.11999988555908,373,350,4,712,3654
8378563200,2016-04-27,7359,5.84000015258789,212,200,4,676,3061
8583815059,2016-04-22,8687,6.78000020980835,332,270,4,1170,2944
8583815059,2016-04-18,3864,3.00999999046326,161,131,4,1309,2536
3977333714,2016-05-11,746,0.5,,13,4,13,52
3977333714,2016-04-18,11663,7.80000019073486,416,313,4,605,1584
4702921684,2016-05-04,8161,6.61999988555908,293,270,4,757,3004
4702921684,2016-04-30,10144,8.22999954223633,347,303,4,728,3115
4702921684,2016-04-21,6530,5.30000019073486,238,189,4,901,2729
1644430081,2016-04-14,11037,8.02000045776367,383,315,5,1125,3226
1644430081,2016-04-19,11256,8.18000030517578,385,341,5,1099,3300
4558609924,2016-04-23,6890,4.55000019073486,333,318,5,1122,2085
2320127002,2016-05-02,3634,2.45000004768372,150,134,5,1306,1613
6775888955,2016-04-17,2497,1.78999996185303,82,48,5,1392,2067
7086361926,2016-05-12,3789,2.55999994277954,32,67,5,343,1199
2873212765,2016-04-30,8452,5.67999982833862,303,273,5,1167,1830
8583815059,2016-05-11,8701,6.78999996185303,327,253,5,1106,2804
6962181067,2016-04-17,10145,6.71000003814697,336,313,5,634,2027
3977333714,2016-04-14,7641,5.1100001335144,275,242,5,801,1433
4702921684,2016-05-02,7245,5.92000007629395,290,240,5,1131,2859
4702921684,2016-05-07,14370,11.6499996185303,546,490,5,577,3683
4702921684,2016-05-07,14370,11.6499996185303,546,490,5,577,3683
8253242879,2016-04-20,6466,4.26999998092651,267,239,5,1201,1931
1644430081,2016-05-05,4363,3.19000005722046,123,99,6,1341,2463
4558609924,2016-04-21,13743,9.07999992370605,492,459,6,844,2486
4558609924,2016-05-09,11451,7.57000017166138,417,375,6,1065,2223
4319703577,2016-04-27,10780,7.23000001907349,412,353,6,680,2324
4319703577,2016-05-06,9524,6.42000007629395,354,331,6,692,2266
4319703577,2016-04-29,7990,5.3600001335144,343,313,6,624,2175
4319703577,2016-04-30,8221,5.51999998092651,290,240,6,695,2092
4388161847,2016-04-16,6580,5.05999994277954,289,268,6,609,3073
4388161847,2016-05-09,10218,7.8600001335144,314,283,6,1020,3013
3372868164,2016-04-14,8844,6.03000020980835,438,401,6,1039,2065
2022484408,2016-04-28,10140,7.11999988555908,349,317,6,1123,2296
8792009665,2016-04-29,8360,5.34999990463257,426,400,6,634,3101
4702921684,2016-04-25,9167,7.42999982833862,318,291,6,730,3064
8253242879,2016-04-16,9256,6.1399998664856,235,172,6,1268,1880
4558609924,2016-04-17,9634,6.40000009536743,363,330,7,1110,2117
4558609924,2016-04-30,10319,6.82000017166138,372,329,7,1111,2105
4388161847,2016-04-21,10055,7.73000001907349,317,291,7,853,3069
2873212765,2016-05-01,7399,4.96999979019165,253,221,7,1219,1739
6117666160,2016-04-16,14450,10.9099998474121,569,540,7,502,2828
8583815059,2016-04-23,9423,7.34999990463257,347,289,7,1151,3012
8583815059,2016-04-19,5697,4.44000005722046,207,183,7,1257,2668
6962181067,2016-04-27,10320,6.82000017166138,376,324,7,697,2034
3977333714,2016-04-26,11388,7.61999988555908,381,272,7,797,1551
1624580081,2016-05-02,7155,4.92999982833862,199,179,7,1261,1497
8253242879,2016-04-25,6829,4.51000022888184,247,179,7,1261,1909
1644430081,2016-04-25,3580,2.59999990463257,120,103,8,1337,2497
4558609924,2016-04-16,7289,4.82000017166138,356,328,8,1112,1997
4319703577,2016-05-04,10429,7.01999998092651,363,334,8,1106,2282
4319703577,2016-04-13,8204,5.5,150,119,8,1234,2135
4319703577,2016-04-26,9899,6.6399998664856,354,317,8,649,2236
4319703577,2016-05-03,9648,6.46999979019165,363,321,8,669,2235
4388161847,2016-05-11,10201,7.84000015258789,316,282,8,858,2954
5553957443,2016-05-12,3121,2.03999996185303,84,62,8,222,741
6290855005,2016-04-25,7802,5.90000009536743,279,260,8,1180,2771
6290855005,2016-05-01,9837,7.44000005722046,496,385,8,1055,3327
8378563200,2016-05-12,4561,3.61999988555908,127,116,8,433,1976
8792009665,2016-04-23,5245,3.35999989509583,346,285,8,795,2748
6962181067,2016-04-13,5652,3.74000000953674,214,174,8,548,1718
3977333714,2016-05-09,14687,10.0799999237061,419,281,8,1159,1667
4702921684,2016-05-05,8614,6.98999977111816,275,254,8,745,3006
1644430081,2016-04-30,18213,13.2399997711182,571,482,9,816,3846
2347167796,2016-04-22,7804,5.15999984741211,287,242,9,781,1946
6775888955,2016-05-01,2487,1.77999997138977,145,93,9,1347,2319
8583815059,2016-05-10,8240,6.42999982833862,275,214,9,1226,2846
3977333714,2016-05-08,13585,9.09000015258789,430,296,9,688,1633
4702921684,2016-04-23,15126,12.2700004577637,567,483,9,469,3691
4702921684,2016-05-08,12857,10.4300003051758,469,326,9,1019,3287
1644430081,2016-05-03,12850,9.34000015258789,436,325,10,1115,3324
4388161847,2016-04-14,8863,6.82000017166138,319,264,10,945,2998
8583815059,2016-05-01,4512,3.51999998092651,151,129,10,1311,2596
1927972279,2016-05-03,1326,0.920000016689301,47,27,10,1413,2195
8792009665,2016-04-30,7174,4.59000015258789,371,331,10,749,2896
4702921684,2016-04-19,6708,5.44000005722046,225,197,10,757,2812
4702921684,2016-05-11,9810,7.96000003814697,347,286,10,784,3069
1644430081,2016-05-06,9787,7.11999988555908,424,386,11,1054,3328
1644430081,2016-04-26,9919,7.21000003814697,338,275,11,1165,3123
4558609924,2016-05-10,6435,4.25,289,249,11,1191,1889
2347167796,2016-04-20,10999,7.26999998092651,388,323,11,1011,2198
2347167796,2016-04-18,8247,5.44999980926514,271,233,11,678,1944
4388161847,2016-04-27,11193,8.60999965667725,370,300,11,684,3074
4388161847,2016-04-25,12961,9.97000026702881,396,343,11,1054,3288
6775888955,2016-04-24,2153,1.53999996185303,80,40,11,1400,2053
3372868164,2016-04-17,8199,5.88000011444092,359,335,11,1105,1964
8378563200,2016-04-28,5417,4.30000019073486,192,160,11,711,2884
3977333714,2016-04-17,10415,6.96999979019165,354,274,11,600,1529
1624580081,2016-04-30,6474,4.30000019073486,303,258,11,1182,1655
8253242879,2016-04-28,2718,1.79999995231628,85,47,11,1393,1580
1644430081,2016-05-10,9167,6.65999984741211,229,186,12,1254,2799
4558609924,2016-04-26,9148,6.05000019073486,401,336,12,1062,2223
4388161847,2016-05-05,9603,7.38000011444092,313,250,12,896,2899
4388161847,2016-05-05,9603,7.38000011444092,313,250,12,896,2899
4388161847,2016-05-01,10255,7.8899998664856,307,268,12,579,2926
6775888955,2016-05-06,4697,3.36999988555908,181,122,12,1318,2496
6962181067,2016-04-29,10762,7.1100001335144,435,396,12,645,2254
4702921684,2016-04-17,12692,10.289999961853,470,380,12,437,3394
4702921684,2016-04-29,9930,8.05000019073486,341,298,12,692,3165
4319703577,2016-04-28,10817,7.28000020980835,414,380,13,552,2367
2320127002,2016-04-12,10725,7.48999977111816,363,328,13,1112,2124
4388161847,2016-05-10,10299,7.92000007629395,334,294,13,648,3061
4388161847,2016-04-29,9232,7.09999990463257,307,265,13,1175,2979
2873212765,2016-05-05,8314,5.6100001335144,396,347,13,1093,1971
4020332650,2016-05-04,10252,7.34999990463257,477,405,13,531,3879
2022484408,2016-04-30,18387,12.9099998474121,446,397,13,1043,2732
6962181067,2016-04-18,11404,7.53999996185303,361,293,13,689,2039
4558609924,2016-05-05,10611,7.01000022888184,428,392,14,1048,2262
4558609924,2016-04-18,8940,5.90999984741211,403,360,14,1080,2116
4388161847,2016-04-30,12533,9.64000034332275,428,357,14,537,3283
4388161847,2016-04-24,10243,7.88000011444092,297,261,14,584,2885
4388161847,2016-04-26,9461,7.28000020980835,312,261,14,673,2929
6775888955,2016-04-14,5162,3.70000004768372,195,143,14,863,2507
3372868164,2016-04-24,6731,4.59000015258789,348,313,14,1127,1921
1927972279,2016-05-01,2704,1.87000000476837,114,85,14,1355,2411
6962181067,2016-05-05,10524,6.96000003814697,391,341,14,591,2066
3977333714,2016-05-04,13559,9.4399995803833,376,252,14,852,1628
3977333714,2016-05-05,12312,8.57999992370605,396,280,14,680,1618
4702921684,2016-04-28,9023,7.32000017166138,292,255,14,738,3033
1644430081,2016-04-18,7132,5.19000005722046,232,169,15,1271,2806
4558609924,2016-04-29,7833,5.17999982833862,300,241,15,1096,1918
2347167796,2016-04-25,9482,6.38000011444092,344,303,15,653,2095
3372868164,2016-04-20,4880,3.32999992370605,325,292,15,1148,1867
5577150313,2016-04-13,5077,3.78999996185303,211,170,15,776,2551
6962181067,2016-05-04,10147,6.71000003814697,401,335,15,683,2086
3977333714,2016-04-28,7114,4.88000011444092,251,213,15,804,1407
3977333714,2016-04-15,9010,6.05999994277954,312,240,15,644,1468
4702921684,2016-04-24,15050,12.2200002670288,516,391,15,542,3538
1624580081,2016-04-17,6175,4.05999994277954,216,164,15,1276,1554
1503960366,2016-04-29,11181,7.15000009536743,315,271,16,815,1837
5553957443,2016-04-27,10538,6.88000011444092,286,238,16,745,1922
3372868164,2016-04-13,9715,6.63000011444092,435,395,16,1045,2093
7007744171,2016-04-28,15128,10.1199998855591,481,433,16,1007,2836
7007744171,2016-04-26,15090,10.1000003814697,516,462,16,978,2939
1927972279,2016-05-02,3790,2.61999988555908,158,118,16,1322,2505
2022484408,2016-05-12,9117,6.40999984741211,295,268,16,728,1853
1624580081,2016-04-24,6076,3.95000004768372,269,219,16,1221,1617
8253242879,2016-04-29,6260,4.26000022888184,202,166,16,1257,1854
8253242879,2016-04-18,5151,3.48000001907349,210,162,16,1278,1829
4558609924,2016-04-15,7795,5.15000009536743,373,309,17,1131,2121
8877689391,2016-05-08,10686,8.10999965667725,304,266,17,1174,2847
6775888955,2016-04-13,4053,2.91000008583069,172,120,17,1053,2400
3372868164,2016-04-30,5250,3.57999992370605,359,321,17,1119,1946
1624580081,2016-04-18,10536,7.40999984741211,267,226,17,1214,1604
1624580081,2016-04-27,8367,5.44000005722046,277,207,17,1233,1670
4558609924,2016-04-25,8095,5.34999990463257,414,368,18,993,2225
8877689391,2016-04-29,9733,7.3899998664856,274,233,18,1207,2698
8877689391,2016-05-10,10733,8.14999961853027,300,253,18,1187,2832
4388161847,2016-05-03,12727,9.78999996185303,396,342,18,984,3290
3372868164,2016-04-21,8857,6.07000017166138,448,403,18,1037,2124
8583815059,2016-04-25,4503,3.50999999046326,188,146,18,1294,2547
6962181067,2016-05-02,12912,8.53999996185303,445,370,18,655,2162
4558609924,2016-04-13,4978,3.28999996185303,198,153,19,1287,1722
1503960366,2016-04-21,9819,6.34000015258789,284,238,19,838,1775
8877689391,2016-05-03,10818,8.21000003814697,292,251,19,1189,2817
2347167796,2016-04-13,10352,7.01000022888184,316,246,19,676,2038
4388161847,2016-04-28,10074,7.75,309,262,19,878,2969
4388161847,2016-04-20,10553,8.11999988555908,369,289,19,696,3083
5553957443,2016-04-12,11596,7.57000017166138,360,309,19,767,2026
7086361926,2016-04-21,9469,6.17999982833862,275,231,19,758,2463
8378563200,2016-04-23,5709,4.53000020980835,213,165,19,740,2908
8378563200,2016-05-04,7875,6.23999977111816,244,196,19,680,3110
2022484408,2016-04-27,10159,7.13000011444092,379,321,19,1119,2463
3977333714,2016-04-19,12414,8.77999973297119,412,307,19,738,1638
8253242879,2016-04-26,4562,3.03999996185303,193,141,19,1299,1813
4558609924,2016-04-22,9601,6.34999990463257,383,318,20,1122,2094
2320127002,2016-05-03,7443,5.01999998092651,286,236,20,1204,1878
4388161847,2016-04-19,10181,7.82999992370605,341,285,20,704,3015
3372868164,2016-04-23,7396,5.07000017166138,367,325,20,1115,1995
3372868164,2016-04-18,6798,4.6399998664856,417,370,20,1070,2014
7086361926,2016-05-07,12827,8.47999954223633,353,271,20,621,2739
2873212765,2016-04-29,7365,4.94999980926514,312,249,20,1191,1780
2022484408,2016-05-07,6708,4.71000003814697,213,171,20,1269,1995
4558609924,2016-05-03,5267,3.48000001907349,320,268,21,1172,1953
1503960366,2016-04-13,10735,6.96999979019165,318,257,21,776,1797
5553957443,2016-05-06,9632,6.28999996185303,310,259,21,761,1916
2022484408,2016-04-29,10245,7.19000005722046,424,342,21,1098,2611
6962181067,2016-05-03,12109,8.11999988555908,402,324,21,654,2072
8877689391,2016-04-26,11101,8.43000030517578,330,283,22,1157,2860
3372868164,2016-04-26,8283,5.78999996185303,403,357,22,1083,2057
2873212765,2016-04-20,9202,6.30000019073486,454,405,22,1035,2094
4702921684,2016-04-18,9105,7.38000011444092,317,243,22,890,3013
4558609924,2016-05-07,8237,5.44000005722046,334,272,23,1116,1973
8877689391,2016-05-12,8064,6.11999988555908,197,161,23,770,1849
2347167796,2016-04-21,10080,6.75,329,257,23,761,2048
5553957443,2016-05-02,9769,6.38000011444092,314,259,23,724,1996
1503960366,2016-05-06,12159,8.02999973297119,373,319,24,754,1896
3372868164,2016-04-27,7904,5.42000007629395,444,383,24,1057,2095
7086361926,2016-05-05,8564,5.59999990463257,249,187,24,1253,2386
7086361926,2016-04-29,7881,4.94999980926514,326,242,24,1198,2616
5577150313,2016-04-23,7638,5.71000003814697,343,271,24,627,3152
2022484408,2016-05-06,10227,7.17999982833862,401,336,24,1104,2498
6962181067,2016-05-11,6722,4.44000005722046,285,230,24,709,1855
3977333714,2016-05-02,16520,11.0500001907349,534,343,24,713,1760
1503960366,2016-04-12,13162,8.5,429,366,25,728,1985
5553957443,2016-04-22,11682,7.63000011444092,377,311,25,781,2105
5577150313,2016-05-04,5206,3.89000010490417,234,175,25,631,2755
4445114986,2016-04-18,6155,4.23999977111816,249,193,25,1247,2248
2022484408,2016-05-01,10538,7.40000009536743,376,298,25,1142,2380
2347167796,2016-04-27,11423,7.57999992370605,391,330,26,623,2194
5553957443,2016-05-03,12848,8.39000034332275,383,302,26,812,2116
4445114986,2016-05-07,5183,3.58999991416931,194,138,26,866,2123
6117666160,2016-04-20,10449,8.02000045776367,447,385,26,587,2536
8053475328,2016-04-30,7135,5.59000015258789,214,159,27,1281,2408
4558609924,2016-04-27,9557,6.32000017166138,421,353,27,1087,2098
4319703577,2016-05-05,13658,9.48999977111816,477,389,27,957,2530
4388161847,2016-04-18,11009,9.10000038146973,336,274,27,1017,3274
4445114986,2016-05-02,6910,4.75,289,231,27,667,2336
2022484408,2016-04-15,11034,8.02999973297119,381,318,27,1122,2525
8053475328,2016-05-12,4998,3.91000008583069,130,71,28,839,1505
1503960366,2016-04-20,10544,6.67999982833862,313,245,28,818,1786
2347167796,2016-04-12,10113,6.82999992370605,430,361,28,964,2344
2873212765,2016-04-23,9317,6.34999990463257,424,363,28,1077,2021
2873212765,2016-04-28,7913,5.40999984741211,311,248,28,1192,1835
2022484408,2016-04-17,15112,11.3999996185303,473,388,28,1052,2782
1644430081,2016-04-17,8757,6.36999988555908,299,228,29,1212,3011
1503960366,2016-04-15,9762,6.28000020980835,364,272,29,726,1745
8877689391,2016-04-18,11423,8.67000007629395,288,225,29,1215,2761
4445114986,2016-04-26,6326,4.40999984741211,269,210,29,839,2291
3977333714,2016-05-06,11677,8.27999973297119,365,252,29,676,1590
8253242879,2016-04-14,5234,3.46000003814697,152,78,29,1362,1705
1644430081,2016-04-13,8001,5.82000017166138,257,181,30,1259,2902
1503960366,2016-04-14,10460,6.73999977111816,293,222,30,1218,1776
6775888955,2016-04-18,8294,5.94999980926514,298,207,30,1233,2798
7086361926,2016-05-01,12390,8.06999969482422,378,303,30,685,2730
7086361926,2016-04-15,8585,5.67000007629395,271,190,30,864,2395
4445114986,2016-05-03,7502,5.17999982833862,327,265,30,725,2421
7007744171,2016-04-21,13744,9.1899995803833,485,391,30,1049,2763
6962181067,2016-04-22,10725,7.09000015258789,396,303,30,659,2086
3977333714,2016-04-24,14112,10.0,409,254,30,660,1655
8253242879,2016-04-23,9282,6.26000022888184,333,247,30,1193,2132
1503960366,2016-04-26,13755,8.78999996185303,418,333,31,833,1970
7086361926,2016-04-13,5813,3.61999988555908,300,212,31,744,2516
6290855005,2016-04-17,7851,5.94000005722046,342,268,31,1172,3171
2022484408,2016-04-19,11548,8.52999973297119,357,288,31,1152,2489
3977333714,2016-04-16,13459,9.0,412,267,31,663,1625
3977333714,2016-04-13,10035,6.71000003814697,338,230,31,754,1495
1644430081,2016-05-09,6643,4.82999992370605,411,341,32,1099,3008
2347167796,2016-04-23,16901,11.3699998855591,526,427,32,591,2629
7086361926,2016-05-08,10677,7.09999990463257,297,206,32,695,2534
4445114986,2016-04-27,7243,5.03000020980835,292,227,32,839,2361
2022484408,2016-04-14,10690,7.5,359,292,32,1148,2312
6962181067,2016-04-30,10081,6.65999984741211,365,285,32,731,2002
1503960366,2016-05-01,10602,6.80999994277954,415,314,33,730,1820
4388161847,2016-05-06,13175,10.1300001144409,451,340,33,1100,3425
4388161847,2016-05-02,10096,8.39999961853027,311,241,33,935,3147
6775888955,2016-04-25,6474,4.6399998664856,217,138,33,1302,2484
3977333714,2016-04-22,8911,5.96000003814697,311,233,33,731,1481
4388161847,2016-05-04,12375,9.52000045776367,398,307,35,632,3162
7086361926,2016-04-14,9123,6.11999988555908,358,256,35,787,2734
8583815059,2016-04-21,8538,6.65999984741211,299,211,35,1229,2883
2022484408,2016-05-09,13379,9.39000034332275,496,379,35,1061,2709
6962181067,2016-04-25,13239,9.27000045776367,449,348,35,637,2194
6962181067,2016-04-19,10742,7.09999990463257,382,271,35,659,2046
8253242879,2016-04-13,8053,6.09999990463257,223,142,35,1298,1935
1503960366,2016-04-16,12669,8.15999984741211,349,267,36,773,1863
1503960366,2016-05-04,11100,7.15000009536743,355,261,36,1179,1819
1503960366,2016-05-11,12770,8.13000011444092,393,310,36,669,1783
8877689391,2016-05-01,10930,8.31999969482422,298,214,36,1226,2786
6775888955,2016-04-16,4732,3.39000010490417,153,63,36,1377,2225
4020332650,2016-04-15,1882,1.35000002384186,231,141,36,1299,2951
2022484408,2016-05-02,10379,7.28999996185303,401,321,36,1119,2473
2022484408,2016-05-04,11768,8.28999996185303,434,335,36,1105,2649
6962181067,2016-04-26,10433,6.90000009536743,376,297,36,680,2012
3977333714,2016-04-29,10645,7.75,322,218,36,744,1545
1503960366,2016-04-17,9705,6.48000001907349,318,222,38,539,1728
5577150313,2016-04-26,5325,3.98000001907349,359,251,38,759,3088
4020332650,2016-05-05,11728,8.43000030517578,394,276,38,916,3429
6962181067,2016-04-28,12627,8.35000038146973,418,334,38,621,2182
1644430081,2016-05-07,13372,9.72000026702881,400,301,41,1139,3404
1503960366,2016-05-02,14727,9.71000003814697,430,333,41,798,2004
1503960366,2016-04-23,14371,9.03999996185303,427,324,41,732,1949
5577150313,2016-05-06,4950,3.70000004768372,234,136,41,1304,2643
2022484408,2016-04-16,10100,7.09000015258789,296,203,41,1237,2177
3977333714,2016-05-01,10414,7.07000017166138,327,205,41,691,1501
8253242879,2016-04-24,8905,7.13000011444092,213,127,41,1313,1976
8253242879,2016-04-17,10204,7.90999984741211,290,203,41,1237,2112
1503960366,2016-04-18,13019,8.59000015258789,391,291,42,1149,1921
6775888955,2016-04-26,7091,5.26999998092651,233,119,42,1321,2584
7086361926,2016-04-30,14560,9.40999984741211,468,367,42,584,2995
2022484408,2016-04-12,11875,8.34000015258789,381,283,42,1157,2390
1503960366,2016-05-08,10060,6.57999992370605,351,255,44,574,1740
5553957443,2016-05-05,14331,9.51000022888184,431,314,44,692,2156
7007744171,2016-05-06,11459,7.67000007629395,405,304,44,1136,2553
2022484408,2016-04-25,11369,8.01000022888184,365,269,44,1171,2470
3977333714,2016-04-12,8856,5.98000001907349,301,194,44,777,1450
1503960366,2016-05-05,14070,8.89999961853027,433,319,45,857,1959
7086361926,2016-05-04,10988,8.3100004196167,294,192,45,843,2655
5577150313,2016-05-11,4038,3.03999996185303,226,123,45,257,1665
5577150313,2016-05-05,7550,5.6399998664856,320,209,45,1153,3004
8253242879,2016-04-27,10232,8.18000030517578,249,154,45,1286,2008
1503960366,2016-05-09,12022,7.71999979019165,366,263,46,835,1819
1503960366,2016-05-10,12207,7.76999998092651,414,291,46,746,1859
5553957443,2016-04-29,12764,8.32999992370605,438,331,46,709,2169
2873212765,2016-04-27,3516,2.35999989509583,335,243,46,1197,1966
2873212765,2016-05-08,8168,5.53999996185303,464,372,46,1068,2096
2873212765,2016-04-24,6873,4.67999982833862,330,237,46,1203,1898
2873212765,2016-04-22,7286,4.90000009536743,389,412,46,1028,2241
8583815059,2016-04-29,15168,11.8299999237061,530,371,46,1069,3513
1503960366,2016-04-28,13154,8.52999973297119,389,265,48,782,1898
7007744171,2016-04-18,14816,10.9799995422363,490,363,48,1077,2832
2022484408,2016-04-20,15112,10.6700000762939,546,387,48,1053,2897
2022484408,2016-04-18,14131,10.0699996948242,461,362,48,1078,2770
6962181067,2016-04-20,13928,9.55000019073486,449,349,48,639,2174
1503960366,2016-05-03,15103,9.65999984741211,452,328,50,816,1990
1503960366,2016-04-19,15506,9.88000011444092,476,345,50,775,2035
7007744171,2016-04-27,13541,10.2200002670288,511,399,50,1041,2830
6962181067,2016-04-12,10199,6.73999977111816,367,253,50,796,1994
6962181067,2016-04-16,13217,8.73999977111816,436,333,50,741,2173
3977333714,2016-04-25,11177,8.47999954223633,301,192,50,781,1570
7007744171,2016-04-12,14172,10.289999961853,530,416,53,1024,2937
7007744171,2016-04-19,14194,10.4799995422363,497,374,53,1066,2812
7007744171,2016-05-05,15010,11.1000003814697,522,393,53,1047,2933
6962181067,2016-04-21,11835,9.71000003814697,427,294,53,708,2179
7086361926,2016-04-27,11107,8.34000015258789,322,206,55,829,2693
7007744171,2016-04-29,20067,14.3000001907349,631,479,55,961,3180
2022484408,2016-05-05,11895,8.35000038146973,458,328,55,1112,2609
2022484408,2016-04-26,10119,7.19000005722046,488,354,55,1086,2793
8053475328,2016-04-29,12315,9.64999961853027,349,225,58,1215,2794
8877689391,2016-04-28,14890,11.3000001907349,421,297,58,1143,3060
4388161847,2016-04-23,13236,10.1800003051758,399,278,58,749,3306
5553957443,2016-04-15,16556,10.8599996566772,489,335,58,689,2254
7086361926,2016-04-22,9753,6.53000020980835,445,270,58,762,2846
7007744171,2016-05-03,14510,10.8699998855591,566,419,58,1021,2976
2022484408,2016-05-11,13272,9.31999969482422,448,307,58,1133,2544
6962181067,2016-04-23,20031,13.2399997711182,603,446,58,484,2571
8053475328,2016-04-22,10520,8.28999996185303,303,180,60,1260,2655
8053475328,2016-05-11,12209,9.39999961853027,378,251,60,1189,2809
8053475328,2016-04-27,12422,9.81999969482422,383,253,60,1187,2852
8378563200,2016-04-15,14461,11.4700002670288,416,273,60,729,3666
7007744171,2016-04-20,15566,11.3100004196167,593,440,60,1000,3096
5553957443,2016-05-10,16358,10.710000038147,528,366,61,707,2335
5553957443,2016-04-14,17022,11.1199998855591,521,358,61,693,2324
7086361926,2016-04-18,9827,6.71000003814697,399,226,61,1136,2743
5577150313,2016-04-25,6393,4.78000020980835,473,313,61,743,3374
8053475328,2016-05-09,12465,9.38000011444092,370,226,66,1214,2765
4558609924,2016-05-08,6543,4.32999992370605,506,339,66,1019,2666
1503960366,2016-04-22,12764,8.13000011444092,382,223,66,1217,1827
2347167796,2016-04-16,22244,15.0799999237061,610,406,66,968,2670
7086361926,2016-05-02,10052,6.80999994277954,389,231,66,737,2754
8378563200,2016-05-05,8567,6.78999996185303,418,283,66,764,3783
8583815059,2016-05-09,9877,7.69999980926514,316,180,66,1260,2947
8053475328,2016-04-19,15929,12.4799995422363,475,288,90,1152,3114
8053475328,2016-04-28,15447,12.3999996185303,441,252,90,1188,3062
8053475328,2016-05-06,13953,11.0,390,195,90,1245,2859
8378563200,2016-04-26,16208,12.8500003814697,467,269,90,593,3763
